game_name,firestore_id
game-0,RfP7c4trKFGmDp6xpiG8
game-2,SFpazSkgQ7MFSwDEa3c9
game-3,lchV8TQjaHcYtHAqR31Q
game-5,elaUTwEvCJFrZToj8DBY
game-6,ImigmCOsFcfkSwe0ctO2
game-8,Kns1TGpthEFdKLHHOcey
game-9,cdo6CztpMH0It12THBAy
game-10,jhO40BilcfyPMScEKLiE
game-11,rTVvF1dBAKE8juHCF69f
game-12,gZ8ce0O2anOHAMWWJJZw
game-13,Q9FPLgdunp3o75RFGEU7
game-14,oevKPEL8LXqT4gswKdMK
game-15,5DOVQT0dE9jCRwYHvIx6
game-16,yWwOhJSjWiuzNkkHzhft
game-17,GLPtcvJUaHkUYK7iEPRq
game-19,SdpyTxFIhhYu7wNwmHFa
game-20,qSbsQv2jOptuDovotsIE
game-21,lwStmxdD6dbFuxgQ05vB
game-22,me2bPEvz4glQ1Q8GSfm8
game-23,uhGe7SjH7liOuiTHkFZg
game-24,50OkWutbBlKsEJPMGbKu
game-27,5C0xygoyrz8PTdYR8xff
game-28,xKsIJRkAQ3ELL4W0K0wq
game-29,vY50SvtI10c0YhXHIVv8
game-31,DfCWVG3I8HkoSioS37gi
game-32,ShyRlIFgTWW6vqNrd3K5
game-33,G2chsLHjitbS4fASq4vq
game-35,pOvjLn7nuSqcxgqhaNuv
game-36,1aTng0m9240WEAU975WE
game-37,9ntGYoDdUca5ZsjyHXdm
game-38,F2XpXd2PeEcqSIqbg1Pm
game-39,1rYjOIFnlUodFt6LittX
game-40,VrZQFpIsfagKuUu63Lug
game-41,Eqr08wgdjHiZUkX9dPEJ
game-42,6H0vL7KFk6vNRrhjGokK
game-43,vDga0ZecqYMkFML6dsf9
game-45,TSeBHnKzO96Vswy4B1rh
game-46,xBnHQLQafnF1QeF5DskC
game-47,xrr4wYkEAFurS1arixWr
game-48,EB9bKJMBxNqVaRtrXDuO
game-49,5217Qbj8V5farCF3bBJT
game-50,1El1CmicSoKZKTLe8NpP
game-51,OkKMZ7MxTSxfxQoPDZQK
game-52,rRNy5QUGjCQzjIYuZvWJ
game-53,hpLNbpSomVV4DZ5rNVJo
game-54,3APkFcoLdilq9XtRazoa
game-55,gMqKBjOWDlhMU1tl10nI
game-56,9Aiqaq13I7lUZsLlNEfW
game-57,730QTwZ02OR88CPpsmSI
game-58,JNLBQW5TcsbOY86oNd2A
game-59,YB9HWpd4rMWwS3P2mCVk
game-61,iEqK3y2TMsJ4UTeD7EaX
game-62,5IuRnM4sMvHnyLOcBIuC
game-63,GF4TTr6H2CftJ4nrR8oj
game-64,PviHN8QezQVs6fynlANx
game-65,ZSRiFalssazyXG8Qui4j
game-66,sarF2f4w4geYW16PILR2
game-67,vgtHV3viTuaAEBMr9m0t
game-69,I1OpGx1BtTByOehoxKDq
game-70,EeEZO5cBjEuKYTBYmfHX
game-71,XexzCkW95vUcVYAFhSA9
game-72,gPJmGRgPdHSlBI7IMc3z
game-73,7r4cgxJHzLJooFaMG1Rd
game-74,1HOTuIZpRqk2u1nZI1v1
game-75,QyX7AlBzBW8hZHsJeDWI
game-76,vfh1MTEQorWXKy8jOP1x
game-77,f2WUeVzu41E9Lmqmr2FJ
game-78,Tcfpwc8v8HuKRyZr5Dyc
game-79,FyGQn1qJCLTLU1hfQfZ2
game-80,9C0wMm4lzrJ5JeP0irIu
game-81,39PytL3fAMFkYXNoB5l6
game-82,WtZpe3LQFZiztmh7pBBC
game-83,79X7tsrbEIu5ffDGnY8q
game-85,9dQSLmtxxIBy0Rsnc8uu
game-87,6ZjBeRCvHxG05ORmhInj
game-88,SQErBa5s5TPVxmm8R6ks
game-89,ktwB7wT09sh4ivNme3Dw
game-90,xMUrxzK3fXjgitdzPKsm
game-93,R9nZAvDq7um7Sg49yf8T
game-94,IvoZWi01FO2uiNpNHyci
game-97,4WUtnD8W6PGVy0WBtVm4
game-98,5lTRHBueXsaOu9yhvOQo
game-99,8cc9xnijzmS7uwGDaAoL
game-100,9kyHjMMQRK3eP9vlLpw0
game-101,T2dYV1nPh5cmt3NBELdS
game-103,NurIP8Ey70FomFLL0VSr
game-104,bPMm01GV1jVMlw7DIH89
game-105,B02vfA7ZpP1xhDyqeYVd
game-106,tVL75ycOZHTAKgeqLs6H
game-108,jYnmaydkg4c0KmGFfgp3
game-109,HMosyugAD4iHS8V6ajD6
game-110,wi9ubMsI5cDptid12cm2
game-113,c4bea3VqKksZ7Rd5RdTO
game-114,3JgBMLuR3hhyXX7duXxU
game-115,ZMqZkrMMB0PcsCeLhQqE
game-116,moftPPoSfP3mG38GT9Vw
game-117,IjyNuz4ApTldgPuoKPtB
game-118,Q1jHN8NAIlds8F5SFBCJ
